<?xml version="1.0" encoding="UTF-8"?>
<project-private xmlns="http://www.netbeans.org/ns/project-private/1">
    <editor-bookmarks xmlns="http://www.netbeans.org/ns/editor-bookmarks/2" lastBookmarkId="0"/>
    <open-files xmlns="http://www.netbeans.org/ns/projectui-open-files/2">
        <group>
            <file>file:/C:/Users/USER/Documents/NetBeansProjects/Airline/src/Payment_Option.java</file>
            <file>file:/C:/Users/USER/Documents/NetBeansProjects/Airline/src/Search_Flight_Details.java</file>
            <file>file:/C:/Users/USER/Documents/NetBeansProjects/Airline/src/Main_login.java</file>
            <file>file:/C:/Users/USER/Documents/NetBeansProjects/Airline/src/Add_Flight_Details.java</file>
            <file>file:/C:/Users/USER/Documents/NetBeansProjects/Airline/src/javaconnect.java</file>
            <file>file:/C:/Users/USER/Documents/NetBeansProjects/Airline/src/Add_Flight_Details/Product.java</file>
            <file>file:/C:/Users/USER/Documents/NetBeansProjects/Airline/src/Login.java</file>
            <file>file:/C:/Users/USER/Documents/NetBeansProjects/Airline/src/Home.java</file>
            <file>file:/C:/Users/USER/Documents/NetBeansProjects/Airline/src/Book_Ticket.java</file>
            <file>file:/C:/Users/USER/Documents/NetBeansProjects/Airline/src/Debit_Card.java</file>
            <file>file:/C:/Users/USER/Documents/NetBeansProjects/Airline/src/Signup.java</file>
            <file>file:/C:/Users/USER/Documents/NetBeansProjects/Airline/src/Forgot.java</file>
            <file>file:/C:/Users/USER/Documents/NetBeansProjects/Airline/src/Admin_login.java</file>
            <file>file:/C:/Users/USER/Documents/NetBeansProjects/Airline/src/Cancel_Flight_Ticket.java</file>
            <file>file:/C:/Users/USER/Documents/NetBeansProjects/Airline/src/airline/Airline.java</file>
            <file>file:/C:/Users/USER/Documents/NetBeansProjects/Airline/src/Admin_Signup.java</file>
            <file>file:/C:/Users/USER/Documents/NetBeansProjects/Airline/src/Admin_frame.java</file>
        </group>
    </open-files>
</project-private>
